{"mean": [0.00011495317655571793, 0.0003326992990783292, -0.0003744947928684232, 0.000372036995786349, 0.0002818837045008338, -0.00044676820819946326, 0.00045888454052910564, -4.9670231229000726e-05, -0.0006545228557676081, 0.00035738557585622647, 4.55525623715828e-05, -0.0002956975155971805, 3.369029766326322e-05, 0.0006221846362190708, 0.0005604320769463338, -0.00031813175073840025, -0.00012803840941192653, 8.893708175491579e-05, -0.0005226007121651756], "std": [1.0000928301145198, 0.9971202514806031, 1.0026352646561623, 0.9969961496259502, 0.9969952310574892, 1.0009419349388526, 0.997054140074354, 0.9964426169124039, 0.999842874997027, 0.9968705823405463, 0.999851669904909, 0.9979722785184008, 0.9992440404313175, 1.0047413063369008, 1.003652721527556, 1.0005336576355934, 1.0007284294587804, 1.0007612481148604, 1.00084340571603]}